"Group","Task or record","Check or instructions","Buyer entry","Owner","Status","Reference"
"Use","Warehouse PPE checklist","Complete from your site PPE assessment. Copy each task row and the issue record block for additional models and sizes. Record approval before issue.","","","","https://www.laifappe.com/solutions/ppe-safety-equipment-for-warehouse-logistics"
"Scope","Site and work area","Record warehouse name, country, work area and assessment reference.","","","",""
"Scope","Review date","Record the review date and approving supervisor.","","","",""
"Tasks","Receiving and putaway","Confirm visibility clothing, protective footwear and handling gloves against traffic, cartons and pallet tasks.","","","",""
"Tasks","Picking and packing","Check grip, dexterity, scanner use and cutter or strapping exposure. Record selected hand, foot and eye protection.","","","",""
"Tasks","Loading docks and vehicle zones","Record the site-selected visibility, footwear and eye protection. Add head protection only where the assessment requires it.","","","",""
"Tasks","Palletizing and racking","Record glove grip and cut needs, footwear and any assessed head or eye protection. Record full-kit compatibility.","","","",""
"Tasks","Cold storage","Record temperature, time in cold areas, wet conditions and the documented thermal protection needed. Trial gloves, footwear and clothing together.","","","",""
"Tasks","Cleaning or battery service","Refer specialist selection to the site assessment and chemical information. Record the approved glove, eye, face and clothing configuration where needed.","","","",""
"Tasks","Additional exposure","Record any separately assessed hearing, respiratory or other PPE requirement and the responsible reviewer.","","","",""
"Issue record","Role and wearer or team ID","Use a site identifier. Copy this issue record block for each approved model and size.","","","",""
"Issue record","PPE category and exact model","Record manufacturer, model or SKU and approved configuration.","","","",""
"Issue record","Size and fit trial","Record size, footwear width if relevant and sample or fit approval reference.","","","",""
"Issue record","Unit","State pair, piece or set before entering quantities.","","","",""
"Issue record","Wearers needing issue","Enter the number of people assigned this model and size.","","","",""
"Issue record","Units per wearer","Enter the approved initial issue quantity in the stated unit.","","","",""
"Issue record","Replacement or cleaning reserve","Enter reserve units and the site-record or cleaning-rotation basis. Do not assume a fixed percentage.","","","",""
"Issue record","Usable stock available","Count available stock of this approved model and size in the same unit.","","","",""
"Issue record","Quantity to request","Calculate initial issue plus reserve less usable stock. Enter zero if stock covers the requirement. Reconcile units before sending the RFQ.","","","",""
"Issue record","Quantity actually issued","Record quantity, issue date and issuing person.","","","",""
"Issue record","Replacement and next review","Record manufacturer rejection criteria and site inspection or replacement arrangements.","","","",""
"Documents","Destination and required specification","Record the market, required standard and edition or performance criteria for the exact task and model.","","","",""
"Documents","Model and document match","Check that the supplied declaration, test report or certificate where applicable identifies the proposed model and relevant performance.","","","",""
"Documents","Marking and user instructions","Check labels, sizing, approved accessories, intended use and care instructions against the sample and documents.","","","",""
"Documents","Sample and complete-kit approval","Record trial results for fit, grip, visibility and compatibility as relevant. Note any model or size awaiting approval.","","","",""
"Documents","Packaging and delivery","Confirm quantities by model and size, packing labels, destination, requested date and supplier-confirmed availability.","","","",""
"Documents","Substitution approval","Require review of changed model, material, performance, size or accessory before accepting a substitute.","","","",""
"Documents","Release to order","Record the approver and date only after task selection, samples, quantities and required documents are resolved.","","","",""
"Sources","PPE assessment and fit","US general industry reference. Confirm the rules that apply at the destination.","","","","https://www.osha.gov/laws-regs/regulations/standardnumber/1910/1910.132"
"Sources","Warehouse PPE context","Warehouse and cold-storage context for the site assessment.","","","","https://www.osha.gov/warehousing/hazards-solutions"
