Top pages,Clicks,Impressions,CTR,Position
https://www.laifappe.com/blog/construction-gloves-selection-guide,1,24,4.17%,7.75
https://www.laifappe.com/blog/high-visibility-clothing-construction,0,47,0%,8.15
https://www.laifappe.com/blog/construction-hard-hat-types,0,46,0%,47.8
https://www.laifappe.com/blog/construction-respiratory-protection,0,27,0%,8.63
https://www.laifappe.com/blog/construction-safety-footwear-guide,0,16,0%,16.06
https://www.laifappe.com/blog/bulk-construction-ppe-procurement,0,14,0%,9.86
https://www.laifappe.com/blog/construction-ppe-checklist,0,12,0%,11.67
https://www.laifappe.com/tools/size-guide,0,11,0%,6
https://www.laifappe.com/blog/contractor-ppe-kit-checklist,0,10,0%,6.9
https://www.laifappe.com/solutions/ppe-safety-equipment-for-mining-quarrying,0,7,0%,21.71
https://www.laifappe.com/solutions/ppe-for-scaffolding-and-elevated-platforms,0,5,0%,12.4
https://www.laifappe.com/blog/construction-hearing-protection,0,5,0%,13.8
https://www.laifappe.com/blog/demolition-concrete-cutting-ppe-checklist,0,3,0%,5.33
https://www.laifappe.com/tools/ppe-calculator,0,3,0%,5.67
https://www.laifappe.com/solutions/ppe-for-electrical-installation-on-construction-sites,0,3,0%,7.33
https://www.laifappe.com/blog/heat-stress-ppe-construction-workers,0,3,0%,8
https://www.laifappe.com/solutions/ppe-for-road-and-bridge-construction-projects,0,2,0%,2
https://www.laifappe.com/blog/construction-eye-face-protection,0,2,0%,5.5
https://www.laifappe.com/blog/construction-safety-helmet-vs-hard-hat,0,2,0%,9
https://www.laifappe.com/solutions/construction-site-ppe-solution,0,1,0%,1
https://www.laifappe.com/tools/compliance-checker,0,1,0%,10
https://www.laifappe.com/solutions/fall-protection-construction,0,1,0%,89