Top queries,Clicks,Impressions,CTR,Position
"true or false? class 2 high visibility clothing must be the outermost layer 
of clothing when on the trailer yard.",0,9,0%,12.11
best bulk ppe kit for contractors,0,6,0%,8.17
contractor ppe supplier bulk,0,5,0%,13.6
construction ppe checklist,0,3,0%,13.33
construction site safety gloves,0,3,0%,18.33
class g hard hat,0,3,0%,54.67
hard hat classes,0,3,0%,60.33
classes of hard hats,0,3,0%,63.67
what is a class e hard hat,0,3,0%,82.33
what is a type 2 hard hat,0,3,0%,87.33
fall protection ppe checklist for construction sites,0,2,0%,10
what do scaffolders wear,0,2,0%,29.5
type 1 vs type 2 hard hat,0,2,0%,73.5
ppe hard hats,0,1,0%,1
"which class of head protection protects from falling objects and shock and 
burns? conductive electrical general temporary",0,1,0%,1
safety footwear construction site,0,1,0%,7
industrial ppe kits construction procurement,0,1,0%,11
what ppe does a labourer need,0,1,0%,15
ppe list for construction,0,1,0%,19
reflective labels on apparel contractor,0,1,0%,21
ppe for mining,0,1,0%,44
hearing protection construction workers,0,1,0%,48
astm f2412-05,0,1,0%,50
ansi z89.1 hard hat classes,0,1,0%,59
hard hat classifications,0,1,0%,60
type 1 class g hard hat,0,1,0%,61
what is a class c hard hat,0,1,0%,62
hard hat type,0,1,0%,65
what is class e hard hat,0,1,0%,67
what class of hard hats protect from electrical shock,0,1,0%,68
what is a class 2 hard hat,0,1,0%,72
what class hard hat does not provide electrical protection,0,1,0%,74
what is a type 1 hard hat,0,1,0%,75
what type of hard hat for electrical work,0,1,0%,75
what class of hard hat for electrical work,0,1,0%,76
what do type 1 hard hats protect,0,1,0%,77
what class of hard hat should electrical workers use,0,1,0%,81
fall protection equipment for construction,0,1,0%,89
construction safety footwear,0,1,0%,113