"PPE planning assumptions","Illustrative; not a supplier quotation"
"Currency","USD"
"Price reference date (user supplied)","2026-10-03"
"Illustrative defaults reviewed","2026-10-03"
"Workers","50"
"Industry","Construction"
"Shift","Single shift (8h)"
"Exposure","Medium"
"Role multiplier","1.1"
"Shift multiplier","1"
"Exposure multiplier","1"
"Formula","Workers x monthly rate x role x shift x exposure; annual = monthly x 12"
"Purchase rounding","Each horizon separately: ceil(estimated units / pack size) x pack size; pack size is user supplied, not MOQ"
"Excludes","Initial issue; current stock; tax; freight; training; administration"

"Item","Unit","Unit price USD","Base rate per worker/month","Replacement cycle months (base)","User pack size","Monthly consumption estimate","Annual consumption estimate","Monthly whole-unit purchase","Annual whole-unit purchase","Monthly consumption cost USD","Annual consumption cost USD","Monthly purchase cost USD","Annual purchase cost USD"
"Disposable gloves (nitrile / latex)","pairs","0.12","80","","1","4400.0000","52800.0000","4400","52800","528.00","6336.00","528.00","6336.00"
"Cut-resistant gloves (reusable)","pairs","8","2.5","0.4","1","137.5000","1650.0000","138","1650","1100.00","13200.00","1104.00","13200.00"
"Safety glasses (standard)","pairs","6","1.5","0.6666666666666666","1","82.5000","990.0000","83","990","495.00","5940.00","498.00","5940.00"
"Hard hat (helmet)","pcs","22","0.04","25","1","2.2000","26.4000","3","27","48.40","580.80","66.00","594.00"
"Hi-vis vest / jacket","pcs","14","0.12","8.333333333333334","1","6.6000","79.2000","7","80","92.40","1108.80","98.00","1120.00"
"Safety boots (ASTM F2413 / EN ISO 20345)","pairs","85","0.18","5.555555555555555","1","9.9000","118.8000","10","119","841.50","10098.00","850.00","10115.00"
"N95 / FFP2 disposable respirators","pcs","1.1","22","","1","1210.0000","14520.0000","1210","14520","1331.00","15972.00","1331.00","15972.00"
"Reusable respirator cartridges","pairs","14","3","","1","165.0000","1980.0000","165","1980","2310.00","27720.00","2310.00","27720.00"
"Disposable earplugs","pairs","0.25","22","","1","1210.0000","14520.0000","1210","14520","302.50","3630.00","302.50","3630.00"
"Earmuffs (reusable)","pcs","28","0.06","16.666666666666668","1","3.3000","39.6000","4","40","92.40","1108.80","112.00","1120.00"
"Disposable coveralls (Type 5/6)","pcs","7.5","6","","1","330.0000","3960.0000","330","3960","2475.00","29700.00","2475.00","29700.00"
"Full-body fall-arrest harness","pcs","120","0.04","25","1","2.2000","26.4000","3","27","264.00","3168.00","360.00","3240.00"
"Total","","","","","","","","","","9880.20","118562.40","10034.50","118687.00"